age, carbon-14
3.120062252099391, -38.74544727485045
6.0670939293395385, 829.5416473029509
17.63106984988165, 1730.4138251537406
12.719854745101426, 3577.388221816338
20.30596474542566, 3757.335696607479
21.069201422287545, 4415.684070595613
20.15660293752094, 5370.216261199439
25.0457704237682, 5237.44420547516
37.1222453986404, 6291.514909161651
43.04419250597124, 5860.127314189376
